{"cameraMode":{"drawMode":0,"name":"Shaded","section":"Shading Mode"},"sceneLighting":true,"audioPlay":false,"sceneViewState":{"m_AlwaysRefresh":false,"showFog":true,"showSkybox":true,"showFlares":true,"showImageEffects":true,"showParticleSystems":true,"showVisualEffectGraphs":true,"m_FxEnabled":true},"in2DMode":false,"pivot":{"x":-0.4088672697544098,"y":0.9247846007347107,"z":0.7392185926437378},"rotation":{"x":0.2679401934146881,"y":0.04044962301850319,"z":-0.011260113678872586,"w":0.962520182132721},"size":0.40377575159072878,"orthographic":false}